/anfrage / 301
/beratung / 301
/coming-soon / 301
/wissenswertes / 301
/duales-studium-in-deutschland.html /duales-studium-in-deutschland 301
/ausbildung-oder-studium.html /ausbildung-oder-studium 301 



/de_schreiben-einer-hausarbeit.html             /schreiben-einer-hausarbeit 301
/de_hauck-autoren-wissenschaftliche-arbeiten.html /hauck-autoren-wissenschaftliche-arbeiten 301
/ablauf-einer-promotion.html                    /ablauf-einer-promotion 301
/was-versteht-man-unter-memoiren.html           /was-versteht-man-unter-memoiren 301
/de_schreiben-eines-wissenschaftlichen-artikels.html /schreiben-eines-wissenschaftlichen-artikels 301
/de_branchen-news.html                          /branchen-news 301
/glossar.html                                   /glossar 301
/de_impressum.html                              /impressum 301
/index.php?de_schreiben-einer-diplomarbeit      /schreiben-einer-diplomarbeit 301
/de_hilfe-beim-erstellen-eines-exposes.html     /hilfe-beim-erstellen-eines-exposes 301
/de_ghostwriter-doktorarbeit.html               /ghostwriter-doktorarbeit 301
/de_jura.html                                   /jura 301
/de_hilfe-bei-der-interpretation-einer-statistik.html /hilfe-bei-der-interpretation-einer-statistik 301
/doktorvater-doktormutter-finden.html           /doktorvater-doktormutter-finden 301
/unterschied-zwischen-diplom-und-master.html    /unterschied-zwischen-diplom-und-master 301
/de_schreiben-einer-masterarbeit.html           /schreiben-einer-masterarbeit 301
/de_medien.html                                 /medien 301
/de_psychologie.html                            /psychologie 301
/de_ghostwriter-vergleich.html                  /ghostwriter-vergleich 301
/de_soziologie.html                             /soziologie 301
/de_geschichte.html                             /geschichte 301
/de_schreiben-einer-seminararbeit.html          /schreiben-einer-seminararbeit 301
/de_fachrichtungen.html                         /fachrichtungen 301
/fh-oder-uni.html                               /fh-oder-uni 301
/was-ist-eine-biografie.html                    /was-ist-eine-biografie 301
/de_anfrage.html                                /anfrage 301
/de_ghostwriter.html                            /ghostwriter 301
/de_schreiben-einer-bachelorarbeit.html         /schreiben-einer-bachelorarbeit 301
/de_schreiben-einer-diplomarbeit.html           /schreiben-einer-diplomarbeit 301
/de_hilfe-bei-der-auswertung-der-statistik.html /hilfe-bei-der-auswertung-der-statistik 301
/de_lektorat.html                               /lektorat 301
/de_wissenswertes.html                          /wissenswertes 301
/de_schreiben-einer-magisterarbeit.html         /schreiben-einer-magisterarbeit 301
/de_hilfe-bei-der-literatursuche.html           /hilfe-bei-der-literatursuche 301
/de_ghostwriter-masterarbeit.html               /ghostwriter-masterarbeit 301
/de_hauck-autoren-recherche.html                /hauck-autoren-recherche 301
/de_plagiatspruefung.html                       /plagiatspruefung 301
/de_schreiben-einer-doktorarbeit-dissertation.html /schreiben-einer-doktorarbeit-dissertation 301
/de_ghostwriter-bachelorarbeit.html             /ghostwriter-bachelorarbeit 301
/de_hilfe-bei-der-themensuche.html              /hilfe-bei-der-themensuche 301
/de_datenschutz.html                            /datenschutz 301
/argumente-gegen-eine-promotion.html            /argumente-gegen-eine-promotion 301
/de_vwl-volkwirtschaftslehre.html               /vwl-volkwirtschaftslehre 301
/wie-finanziere-ich-eine-promotion.html         /wie-finanziere-ich-eine-promotion 301
/de_geologie.html                               /geologie 301
/ablauf-einer-biografie.html                    /ablauf-einer-biografie 301
/de_biografie.html                              /biografie 301
/leitfaden-fuer-eine-erfolgreiche-promotion.html /leitfaden-fuer-eine-erfolgreiche-promotion 301
/de_politik.html                                /politik 301
/studium-an-der-fh.html                         /studium-an-der-fh 301
/thema-fuer-doktorarbeit.html                   /thema-fuer-doktorarbeit 301
/de_studiumwahl.html                            /studiumwahl 301
/de_erziehungswissenschaften.html               /erziehungswissenschaften 301
/de_promotion.html                              /promotion 301
/de_biologie.html                               /biologie 301
/berufsbegleitendes-studium-oder-vollzeitstudium.html /berufsbegleitendes-studium-oder-vollzeitstudium 301
/bachelor-oder-masterstudium.html               /bachelor-oder-masterstudium 301
/suche-nach-einer-promotionsmoeglichkeit.html   /suche-nach-einer-promotionsmoeglichkeit 301

